--------------------------------------------------------
--  DDL for Table CLIENTE
--------------------------------------------------------

  CREATE TABLE "CLIENTE" 
   (	"CLIENTE_ID" VARCHAR(5), 
	"NOMBRE" VARCHAR(30), 
	"APELLIDO" VARCHAR(30), 
	"DNI" DECIMAL(8,0), 
	"TELEFONO" DECIMAL(9,0), 
	"EDAD" DECIMAL(2,0), 
	"EMAIL" VARCHAR(50), 
	"DISTRITO" VARCHAR(50)
   );
--------------------------------------------------------
--  DDL for Table COMPROBANTEPAGO
--------------------------------------------------------

  CREATE TABLE "COMPROBANTEPAGO" 
   (	"COMPROBANTEPAGO_ID" VARCHAR(5), 
	"VENTA_ID" VARCHAR(5), 
	"FECHA" DATE
   )
--------------------------------------------------------
--  DDL for Table DETALLE_PROMOCION_PRODUCTO
--------------------------------------------------------

  CREATE TABLE "DETALLE_PROMOCION_PRODUCTO" 
   (	"PRODUCTO_ID" VARCHAR(5), 
	"PROMOCION_ID" VARCHAR(5)
   );
--------------------------------------------------------
--  DDL for Table PEDIDO
--------------------------------------------------------

  CREATE TABLE "PEDIDO" 
   (	"PEDIDO_ID" VARCHAR(5), 
	"CLIENTE_ID" VARCHAR(5)
   );
--------------------------------------------------------
--  DDL for Table PRODUCTO
--------------------------------------------------------

  CREATE TABLE "PRODUCTO" 
   (	"PRODUCTO_ID" VARCHAR(5), 
	"NOMBRE" VARCHAR(30), 
	"DESCRIPCION" VARCHAR(50), 
	"CANTIDAD" DECIMAL(3,0), 
	"COSTO" DECIMAL(7,2)
   );
--------------------------------------------------------
--  DDL for Table PRODUCTOPEDIDO
--------------------------------------------------------

  CREATE TABLE "PRODUCTOPEDIDO" 
   (	"PRODUCTO_ID" VARCHAR(5), 
	"PEDIDO_ID" VARCHAR(5)
   );
--------------------------------------------------------
--  DDL for Table PROMOCION
--------------------------------------------------------

  CREATE TABLE "PROMOCION" 
   (	"PROMOCION_ID" VARCHAR(5), 
	"NOMBRE" VARCHAR(30), 
	"DESCRIPCION" VARCHAR(50), 
	"CANTIDAD" DECIMAL(*,0), 
	"PRODUCTO_ID" VARCHAR(5), 
	"COSTO" FLOAT(126)
   );
--------------------------------------------------------
--  DDL for Table RECARGA
--------------------------------------------------------

  CREATE TABLE "RECARGA" 
   (	"RECARGA_ID" VARCHAR(5), 
	"TARJETA_ID" VARCHAR(5), 
	"MONTO" DECIMAL(7,2)
   );
--------------------------------------------------------
--  DDL for Table TARJETA
--------------------------------------------------------

  CREATE TABLE "TARJETA" 
   (	"TARJETA_ID" VARCHAR(5), 
	"CLIENTE_ID" VARCHAR(5), 
	"FECHAVENCIMIENTO" DATE, 
	"SALDO" DECIMAL(7,2)
   );
--------------------------------------------------------
--  DDL for Table TICKET
--------------------------------------------------------

  CREATE TABLE "TICKET" 
   (	"TICKET_ID" VARCHAR(5), 
	"RECARGA_ID" VARCHAR(5), 
	"FECHA" DATE
   );
--------------------------------------------------------
--  DDL for Table VENTA
--------------------------------------------------------

  CREATE TABLE "VENTA" 
   (	"VENTA_ID" VARCHAR(5), 
	"PEDIDO_ID" VARCHAR(5), 
	"DESCRIPCION" VARCHAR(50), 
	"MONTO" DECIMAL(7,2), 
	"FECHA" DATE
   )
   ;


Insert into CLIENTE (CLIENTE_ID,NOMBRE,APELLIDO,DNI,TELEFONO,EDAD,EMAIL,DISTRITO) values ('CL012','asd','ads','45123698','953214789','23','ddd','dddd');
Insert into CLIENTE (CLIENTE_ID,NOMBRE,APELLIDO,DNI,TELEFONO,EDAD,EMAIL,DISTRITO) values ('CL001','Marco','Huari','75897931','972082374','18','marquitos1213@hotmail.com','Santa Anita');
Insert into CLIENTE (CLIENTE_ID,NOMBRE,APELLIDO,DNI,TELEFONO,EDAD,EMAIL,DISTRITO) values ('CL002','Andrea','Mendoza','75897932','915764235','20','marquitos1213@hotmail.com','Ate');
Insert into CLIENTE (CLIENTE_ID,NOMBRE,APELLIDO,DNI,TELEFONO,EDAD,EMAIL,DISTRITO) values ('CL003','Nikol','Lopez','75897933','987456321','23','marquitos1213@hotmail.com','Los Olivos');
Insert into CLIENTE (CLIENTE_ID,NOMBRE,APELLIDO,DNI,TELEFONO,EDAD,EMAIL,DISTRITO) values ('CL005','Oscar','Huayllas','75897935','972082374','56','marquitos1213@hotmail.com','Santa Anita');
Insert into CLIENTE (CLIENTE_ID,NOMBRE,APELLIDO,DNI,TELEFONO,EDAD,EMAIL,DISTRITO) values ('CL004','Ronny','Mallma','75897934','972082374','32','marquitos1213@hotmail.com','Puente Piedra');
Insert into CLIENTE (CLIENTE_ID,NOMBRE,APELLIDO,DNI,TELEFONO,EDAD,EMAIL,DISTRITO) values ('CL006','Rodolfo','Vega','75897936','972082374','70','marquitos1213@hotmail.com','La Molina');
Insert into CLIENTE (CLIENTE_ID,NOMBRE,APELLIDO,DNI,TELEFONO,EDAD,EMAIL,DISTRITO) values ('CL007','Juan','Huari','75897937','972082374','65','marquitos1213@hotmail.com','Ate');
Insert into CLIENTE (CLIENTE_ID,NOMBRE,APELLIDO,DNI,TELEFONO,EDAD,EMAIL,DISTRITO) values ('CL008','Luis','Huaman','75897938','972082374','34','marquitos1213@hotmail.com','Santa Anita');
Insert into CLIENTE (CLIENTE_ID,NOMBRE,APELLIDO,DNI,TELEFONO,EDAD,EMAIL,DISTRITO) values ('CL009','Pancracio','Romero','75897939','972082374','64','marquitos1213@hotmail.com','Los Olivos');
Insert into CLIENTE (CLIENTE_ID,NOMBRE,APELLIDO,DNI,TELEFONO,EDAD,EMAIL,DISTRITO) values ('CL010','Anastacia','Ruiz','75897911','972082374','28','marquitos1213@hotmail.com','Ate');
Insert into CLIENTE (CLIENTE_ID,NOMBRE,APELLIDO,DNI,TELEFONO,EDAD,EMAIL,DISTRITO) values ('CL011','prueba','pp','74716688','999999999','21','nprueba@homail.com','san borja');




Insert into COMPROBANTEPAGO (COMPROBANTEPAGO_ID,VENTA_ID,FECHA) values ('CP001','VE001',to_date('02/10/19','DD/MM/RR'));
Insert into COMPROBANTEPAGO (COMPROBANTEPAGO_ID,VENTA_ID,FECHA) values ('CP002','VE002',to_date('02/10/19','DD/MM/RR'));
Insert into COMPROBANTEPAGO (COMPROBANTEPAGO_ID,VENTA_ID,FECHA) values ('CP003','VE003',to_date('02/10/19','DD/MM/RR'));
Insert into COMPROBANTEPAGO (COMPROBANTEPAGO_ID,VENTA_ID,FECHA) values ('CP004','VE004',to_date('03/10/19','DD/MM/RR'));
Insert into COMPROBANTEPAGO (COMPROBANTEPAGO_ID,VENTA_ID,FECHA) values ('CP005','VE005',to_date('03/10/19','DD/MM/RR'));
Insert into COMPROBANTEPAGO (COMPROBANTEPAGO_ID,VENTA_ID,FECHA) values ('CP006','VE006',to_date('04/10/19','DD/MM/RR'));
Insert into COMPROBANTEPAGO (COMPROBANTEPAGO_ID,VENTA_ID,FECHA) values ('CP007','VE007',to_date('04/10/19','DD/MM/RR'));
Insert into COMPROBANTEPAGO (COMPROBANTEPAGO_ID,VENTA_ID,FECHA) values ('CP008','VE008',to_date('04/10/19','DD/MM/RR'));
Insert into COMPROBANTEPAGO (COMPROBANTEPAGO_ID,VENTA_ID,FECHA) values ('CP009','VE009',to_date('04/10/19','DD/MM/RR'));
Insert into COMPROBANTEPAGO (COMPROBANTEPAGO_ID,VENTA_ID,FECHA) values ('CP010','VE010',to_date('05/10/19','DD/MM/RR'));




Insert into DETALLE_PROMOCION_PRODUCTO (PRODUCTO_ID,PROMOCION_ID) values ('PR001','PM001');
Insert into DETALLE_PROMOCION_PRODUCTO (PRODUCTO_ID,PROMOCION_ID) values ('PR002','PM002');
Insert into DETALLE_PROMOCION_PRODUCTO (PRODUCTO_ID,PROMOCION_ID) values ('PR003','PM003');
Insert into DETALLE_PROMOCION_PRODUCTO (PRODUCTO_ID,PROMOCION_ID) values ('PR004','PM004');
Insert into DETALLE_PROMOCION_PRODUCTO (PRODUCTO_ID,PROMOCION_ID) values ('PR005','PM005');
Insert into DETALLE_PROMOCION_PRODUCTO (PRODUCTO_ID,PROMOCION_ID) values ('PR006','PM006');
Insert into DETALLE_PROMOCION_PRODUCTO (PRODUCTO_ID,PROMOCION_ID) values ('PR007','PM007');
Insert into DETALLE_PROMOCION_PRODUCTO (PRODUCTO_ID,PROMOCION_ID) values ('PR008','PM008');
Insert into DETALLE_PROMOCION_PRODUCTO (PRODUCTO_ID,PROMOCION_ID) values ('PR009','PM009');
Insert into DETALLE_PROMOCION_PRODUCTO (PRODUCTO_ID,PROMOCION_ID) values ('PR010','PM010');



Insert into PEDIDO (PEDIDO_ID,CLIENTE_ID) values ('PE001','CL001');
Insert into PEDIDO (PEDIDO_ID,CLIENTE_ID) values ('PE002','CL001');
Insert into PEDIDO (PEDIDO_ID,CLIENTE_ID) values ('PE003','CL001');
Insert into PEDIDO (PEDIDO_ID,CLIENTE_ID) values ('PE004','CL002');
Insert into PEDIDO (PEDIDO_ID,CLIENTE_ID) values ('PE005','CL002');
Insert into PEDIDO (PEDIDO_ID,CLIENTE_ID) values ('PE006','CL003');
Insert into PEDIDO (PEDIDO_ID,CLIENTE_ID) values ('PE007','CL003');
Insert into PEDIDO (PEDIDO_ID,CLIENTE_ID) values ('PE008','CL003');
Insert into PEDIDO (PEDIDO_ID,CLIENTE_ID) values ('PE009','CL003');
Insert into PEDIDO (PEDIDO_ID,CLIENTE_ID) values ('PE010','CL004');



Insert into PRODUCTO (PRODUCTO_ID,NOMBRE,DESCRIPCION,CANTIDAD,COSTO) values ('PR011','prueba','asda','5','2');
Insert into PRODUCTO (PRODUCTO_ID,NOMBRE,DESCRIPCION,CANTIDAD,COSTO) values ('PR001','LECHE','LECHE DE VACA','50','2,5');
Insert into PRODUCTO (PRODUCTO_ID,NOMBRE,DESCRIPCION,CANTIDAD,COSTO) values ('PR002','MANTEQUILLA','SUEVA COMO LA MANTY','50','3,5');
Insert into PRODUCTO (PRODUCTO_ID,NOMBRE,DESCRIPCION,CANTIDAD,COSTO) values ('PR003','PAPEL','SEDOSO','50','1');
Insert into PRODUCTO (PRODUCTO_ID,NOMBRE,DESCRIPCION,CANTIDAD,COSTO) values ('PR004','PASTA DENTAL','BLANQUEADOR','50','4,5');
Insert into PRODUCTO (PRODUCTO_ID,NOMBRE,DESCRIPCION,CANTIDAD,COSTO) values ('PR005','CEPILLO','LIMPIZA PROFUNDA','50','2');
Insert into PRODUCTO (PRODUCTO_ID,NOMBRE,DESCRIPCION,CANTIDAD,COSTO) values ('PR006','PEINE','DESENREDANTE','50','2,5');
Insert into PRODUCTO (PRODUCTO_ID,NOMBRE,DESCRIPCION,CANTIDAD,COSTO) values ('PR007','SHAMPOO','LIMPIADOR DEL CUERO CABELLUDO','50','12,5');
Insert into PRODUCTO (PRODUCTO_ID,NOMBRE,DESCRIPCION,CANTIDAD,COSTO) values ('PR008','INKA COLA','REFRESCANTE','50','2,5');
Insert into PRODUCTO (PRODUCTO_ID,NOMBRE,DESCRIPCION,CANTIDAD,COSTO) values ('PR009','PAPITAS LAYS','PAITAS FRITAS SALADAS','50','1,5');
Insert into PRODUCTO (PRODUCTO_ID,NOMBRE,DESCRIPCION,CANTIDAD,COSTO) values ('PR010','GALLETA OREO','RELLENAS DE VAINILLA','50','1,5');



Insert into PRODUCTOPEDIDO (PRODUCTO_ID,PEDIDO_ID) values ('PR001','PE001');
Insert into PRODUCTOPEDIDO (PRODUCTO_ID,PEDIDO_ID) values ('PR002','PE002');
Insert into PRODUCTOPEDIDO (PRODUCTO_ID,PEDIDO_ID) values ('PR003','PE003');
Insert into PRODUCTOPEDIDO (PRODUCTO_ID,PEDIDO_ID) values ('PR004','PE004');
Insert into PRODUCTOPEDIDO (PRODUCTO_ID,PEDIDO_ID) values ('PR005','PE005');
Insert into PRODUCTOPEDIDO (PRODUCTO_ID,PEDIDO_ID) values ('PR006','PE006');
Insert into PRODUCTOPEDIDO (PRODUCTO_ID,PEDIDO_ID) values ('PR007','PE007');
Insert into PRODUCTOPEDIDO (PRODUCTO_ID,PEDIDO_ID) values ('PR008','PE008');
Insert into PRODUCTOPEDIDO (PRODUCTO_ID,PEDIDO_ID) values ('PR009','PE009');
Insert into PRODUCTOPEDIDO (PRODUCTO_ID,PEDIDO_ID) values ('PR010','PE010');



Insert into PROMOCION (PROMOCION_ID,NOMBRE,DESCRIPCION,CANTIDAD,PRODUCTO_ID,COSTO) values ('PM012','nss','asdad','2','PR011','2');
Insert into PROMOCION (PROMOCION_ID,NOMBRE,DESCRIPCION,CANTIDAD,PRODUCTO_ID,COSTO) values ('PM001','2X1 LECHE','LLEVATE DOS LECHES POR EL PRECIO DE UNO','10',null,null);
Insert into PROMOCION (PROMOCION_ID,NOMBRE,DESCRIPCION,CANTIDAD,PRODUCTO_ID,COSTO) values ('PM002','2X1 MANTEQUILLA','LLEVATE DOS MANTEQUILLAS POR EL PRECIO DE UNO','10',null,null);
Insert into PROMOCION (PROMOCION_ID,NOMBRE,DESCRIPCION,CANTIDAD,PRODUCTO_ID,COSTO) values ('PM003','2X1 PAPEL','LLEVATE DOS PAPELES POR EL PRECIO DE UNO','10',null,null);
Insert into PROMOCION (PROMOCION_ID,NOMBRE,DESCRIPCION,CANTIDAD,PRODUCTO_ID,COSTO) values ('PM004','2X1 PASTA DENTAL','LLEVATE DOS PASTAS DENTALES POR EL PRECIO DE UNO','10',null,null);
Insert into PROMOCION (PROMOCION_ID,NOMBRE,DESCRIPCION,CANTIDAD,PRODUCTO_ID,COSTO) values ('PM005','2X1 CEPILLO','LLEVATE DOS CEPILLOS POR EL PRECIO DE UNO','10',null,null);
Insert into PROMOCION (PROMOCION_ID,NOMBRE,DESCRIPCION,CANTIDAD,PRODUCTO_ID,COSTO) values ('PM006','2X1 PEINE','LLEVATE DOS PEINES POR EL PRECIO DE UNO','10',null,null);
Insert into PROMOCION (PROMOCION_ID,NOMBRE,DESCRIPCION,CANTIDAD,PRODUCTO_ID,COSTO) values ('PM007','2X1 SHAMPOO','LLEVATE DOS SHAMPOO POR EL PRECIO DE UNO','10',null,null);
Insert into PROMOCION (PROMOCION_ID,NOMBRE,DESCRIPCION,CANTIDAD,PRODUCTO_ID,COSTO) values ('PM008','2X1 INCA KOLA','LLEVATE DOS INKA KOLA POR EL PRECIO DE UNO','10',null,null);
Insert into PROMOCION (PROMOCION_ID,NOMBRE,DESCRIPCION,CANTIDAD,PRODUCTO_ID,COSTO) values ('PM009','2X1 PAPITAS LAYS','LLEVATE DOS PAPITAS LAYS POR EL PRECIO DE UNO','10',null,null);
Insert into PROMOCION (PROMOCION_ID,NOMBRE,DESCRIPCION,CANTIDAD,PRODUCTO_ID,COSTO) values ('PM010','2X1 GALLETA OREO','LLEVATE DOS GALLETAS OREO POR EL PRECIO DE UNO','10',null,null);



Insert into RECARGA (RECARGA_ID,TARJETA_ID,MONTO) values ('RE012','TJ003','4');
Insert into RECARGA (RECARGA_ID,TARJETA_ID,MONTO) values ('RE011','TJ001','5');
Insert into RECARGA (RECARGA_ID,TARJETA_ID,MONTO) values ('RE001','TJ001','100');
Insert into RECARGA (RECARGA_ID,TARJETA_ID,MONTO) values ('RE002','TJ001','50');
Insert into RECARGA (RECARGA_ID,TARJETA_ID,MONTO) values ('RE003','TJ001','120');
Insert into RECARGA (RECARGA_ID,TARJETA_ID,MONTO) values ('RE004','TJ002','75');
Insert into RECARGA (RECARGA_ID,TARJETA_ID,MONTO) values ('RE005','TJ002','25');
Insert into RECARGA (RECARGA_ID,TARJETA_ID,MONTO) values ('RE006','TJ003','150');
Insert into RECARGA (RECARGA_ID,TARJETA_ID,MONTO) values ('RE007','TJ003','200');
Insert into RECARGA (RECARGA_ID,TARJETA_ID,MONTO) values ('RE008','TJ003','125');
Insert into RECARGA (RECARGA_ID,TARJETA_ID,MONTO) values ('RE009','TJ003','225');
Insert into RECARGA (RECARGA_ID,TARJETA_ID,MONTO) values ('RE010','TJ004','175');



Insert into TARJETA (TARJETA_ID,CLIENTE_ID,FECHAVENCIMIENTO,SALDO) values ('TJ012','CL012',to_date('18/02/21','DD/MM/RR'),'0');
Insert into TARJETA (TARJETA_ID,CLIENTE_ID,FECHAVENCIMIENTO,SALDO) values ('TJ001','CL001',to_date('01/09/20','DD/MM/RR'),'55');
Insert into TARJETA (TARJETA_ID,CLIENTE_ID,FECHAVENCIMIENTO,SALDO) values ('TJ002','CL002',to_date('01/09/20','DD/MM/RR'),'25');
Insert into TARJETA (TARJETA_ID,CLIENTE_ID,FECHAVENCIMIENTO,SALDO) values ('TJ003','CL003',to_date('01/09/20','DD/MM/RR'),'104');
Insert into TARJETA (TARJETA_ID,CLIENTE_ID,FECHAVENCIMIENTO,SALDO) values ('TJ004','CL004',to_date('01/09/20','DD/MM/RR'),'40');
Insert into TARJETA (TARJETA_ID,CLIENTE_ID,FECHAVENCIMIENTO,SALDO) values ('TJ005','CL005',to_date('01/09/20','DD/MM/RR'),'35');
Insert into TARJETA (TARJETA_ID,CLIENTE_ID,FECHAVENCIMIENTO,SALDO) values ('TJ006','CL006',to_date('01/09/20','DD/MM/RR'),'75');
Insert into TARJETA (TARJETA_ID,CLIENTE_ID,FECHAVENCIMIENTO,SALDO) values ('TJ007','CL007',to_date('01/09/20','DD/MM/RR'),'110');
Insert into TARJETA (TARJETA_ID,CLIENTE_ID,FECHAVENCIMIENTO,SALDO) values ('TJ008','CL008',to_date('01/09/20','DD/MM/RR'),'20');
Insert into TARJETA (TARJETA_ID,CLIENTE_ID,FECHAVENCIMIENTO,SALDO) values ('TJ009','CL009',to_date('01/09/20','DD/MM/RR'),'15');
Insert into TARJETA (TARJETA_ID,CLIENTE_ID,FECHAVENCIMIENTO,SALDO) values ('TJ010','CL010',to_date('01/09/20','DD/MM/RR'),'93');



Insert into TICKET (TICKET_ID,RECARGA_ID,FECHA) values ('TK001','RE001',to_date('01/09/19','DD/MM/RR'));
Insert into TICKET (TICKET_ID,RECARGA_ID,FECHA) values ('TK002','RE002',to_date('03/09/19','DD/MM/RR'));
Insert into TICKET (TICKET_ID,RECARGA_ID,FECHA) values ('TK003','RE003',to_date('05/09/19','DD/MM/RR'));
Insert into TICKET (TICKET_ID,RECARGA_ID,FECHA) values ('TK004','RE004',to_date('06/09/19','DD/MM/RR'));
Insert into TICKET (TICKET_ID,RECARGA_ID,FECHA) values ('TK005','RE005',to_date('07/09/19','DD/MM/RR'));
Insert into TICKET (TICKET_ID,RECARGA_ID,FECHA) values ('TK006','RE006',to_date('09/09/19','DD/MM/RR'));
Insert into TICKET (TICKET_ID,RECARGA_ID,FECHA) values ('TK007','RE007',to_date('12/09/19','DD/MM/RR'));
Insert into TICKET (TICKET_ID,RECARGA_ID,FECHA) values ('TK008','RE008',to_date('13/09/19','DD/MM/RR'));
Insert into TICKET (TICKET_ID,RECARGA_ID,FECHA) values ('TK009','RE009',to_date('15/09/19','DD/MM/RR'));
Insert into TICKET (TICKET_ID,RECARGA_ID,FECHA) values ('TK010','RE010',to_date('19/09/19','DD/MM/RR'));



Insert into VENTA (VENTA_ID,PEDIDO_ID,DESCRIPCION,MONTO,FECHA) values ('VE001','PE001','COMPRA DE ABARROTES - MINIMARKET CAMARENA','15',to_date('02/10/19','DD/MM/RR'));
Insert into VENTA (VENTA_ID,PEDIDO_ID,DESCRIPCION,MONTO,FECHA) values ('VE002','PE002','COMPRA DE ABARROTES - MINIMARKET CAMARENA','20',to_date('02/10/19','DD/MM/RR'));
Insert into VENTA (VENTA_ID,PEDIDO_ID,DESCRIPCION,MONTO,FECHA) values ('VE003','PE003','COMPRA DE ABARROTES - MINIMARKET CAMARENA','22',to_date('02/10/19','DD/MM/RR'));
Insert into VENTA (VENTA_ID,PEDIDO_ID,DESCRIPCION,MONTO,FECHA) values ('VE004','PE004','COMPRA DE ABARROTES - MINIMARKET CAMARENA','25',to_date('03/10/19','DD/MM/RR'));
Insert into VENTA (VENTA_ID,PEDIDO_ID,DESCRIPCION,MONTO,FECHA) values ('VE005','PE005','COMPRA DE ABARROTES - MINIMARKET CAMARENA','30',to_date('03/10/19','DD/MM/RR'));
Insert into VENTA (VENTA_ID,PEDIDO_ID,DESCRIPCION,MONTO,FECHA) values ('VE006','PE006','COMPRA DE ABARROTES - MINIMARKET CAMARENA','12',to_date('04/10/19','DD/MM/RR'));
Insert into VENTA (VENTA_ID,PEDIDO_ID,DESCRIPCION,MONTO,FECHA) values ('VE007','PE007','COMPRA DE ABARROTES - MINIMARKET CAMARENA','50',to_date('04/10/19','DD/MM/RR'));
Insert into VENTA (VENTA_ID,PEDIDO_ID,DESCRIPCION,MONTO,FECHA) values ('VE008','PE008','COMPRA DE ABARROTES - MINIMARKET CAMARENA','35',to_date('04/10/19','DD/MM/RR'));
Insert into VENTA (VENTA_ID,PEDIDO_ID,DESCRIPCION,MONTO,FECHA) values ('VE009','PE009','COMPRA DE ABARROTES - MINIMARKET CAMARENA','21',to_date('04/10/19','DD/MM/RR'));
Insert into VENTA (VENTA_ID,PEDIDO_ID,DESCRIPCION,MONTO,FECHA) values ('VE010','PE010','COMPRA DE ABARROTES - MINIMARKET CAMARENA','18',to_date('05/10/19','DD/MM/RR'));

/*
--------------------------------------------------------
--  DDL for Index PK_CLIENTE
--------------------------------------------------------

  CREATE UNIQUE INDEX "PK_CLIENTE" ON "CLIENTE" ("CLIENTE_ID") 
  PCTFREE 10 INITRANS 2 MAXTRANS 255 COMPUTE STATISTICS 
  STORAGE(INITIAL 65536 NEXT 1048576 MINEXTENTS 1 MAXEXTENTS 2147483645
  PCTINCREASE 0 FREELISTS 1 FREELIST GROUPS 1
  BUFFER_POOL DEFAULT FLASH_CACHE DEFAULT CELL_FLASH_CACHE DEFAULT)
  TABLESPACE "USERS" ;
--------------------------------------------------------
--  DDL for Index PK_COMPROBANTEPAGO
--------------------------------------------------------

  CREATE UNIQUE INDEX "PK_COMPROBANTEPAGO" ON "COMPROBANTEPAGO" ("COMPROBANTEPAGO_ID") 
  PCTFREE 10 INITRANS 2 MAXTRANS 255 COMPUTE STATISTICS 
  STORAGE(INITIAL 65536 NEXT 1048576 MINEXTENTS 1 MAXEXTENTS 2147483645
  PCTINCREASE 0 FREELISTS 1 FREELIST GROUPS 1
  BUFFER_POOL DEFAULT FLASH_CACHE DEFAULT CELL_FLASH_CACHE DEFAULT)
  TABLESPACE "USERS" ;
--------------------------------------------------------
--  DDL for Index PK_DETALLE
--------------------------------------------------------

  CREATE UNIQUE INDEX "PK_DETALLE" ON "DETALLE_PROMOCION_PRODUCTO" ("PRODUCTO_ID", "PROMOCION_ID") 
  PCTFREE 10 INITRANS 2 MAXTRANS 255 COMPUTE STATISTICS 
  STORAGE(INITIAL 65536 NEXT 1048576 MINEXTENTS 1 MAXEXTENTS 2147483645
  PCTINCREASE 0 FREELISTS 1 FREELIST GROUPS 1
  BUFFER_POOL DEFAULT FLASH_CACHE DEFAULT CELL_FLASH_CACHE DEFAULT)
  TABLESPACE "USERS" ;
--------------------------------------------------------
--  DDL for Index PK_PEDIDO
--------------------------------------------------------

  CREATE UNIQUE INDEX "PK_PEDIDO" ON "PEDIDO" ("PEDIDO_ID") 
  PCTFREE 10 INITRANS 2 MAXTRANS 255 COMPUTE STATISTICS 
  STORAGE(INITIAL 65536 NEXT 1048576 MINEXTENTS 1 MAXEXTENTS 2147483645
  PCTINCREASE 0 FREELISTS 1 FREELIST GROUPS 1
  BUFFER_POOL DEFAULT FLASH_CACHE DEFAULT CELL_FLASH_CACHE DEFAULT)
  TABLESPACE "USERS" ;
--------------------------------------------------------
--  DDL for Index PK_PRODUCTO
--------------------------------------------------------

  CREATE UNIQUE INDEX "PK_PRODUCTO" ON "PRODUCTO" ("PRODUCTO_ID") 
  PCTFREE 10 INITRANS 2 MAXTRANS 255 COMPUTE STATISTICS 
  STORAGE(INITIAL 65536 NEXT 1048576 MINEXTENTS 1 MAXEXTENTS 2147483645
  PCTINCREASE 0 FREELISTS 1 FREELIST GROUPS 1
  BUFFER_POOL DEFAULT FLASH_CACHE DEFAULT CELL_FLASH_CACHE DEFAULT)
  TABLESPACE "USERS" ;
--------------------------------------------------------
--  DDL for Index PK_PRODUCTOPEDIDO
--------------------------------------------------------

  CREATE UNIQUE INDEX "PK_PRODUCTOPEDIDO" ON "PRODUCTOPEDIDO" ("PRODUCTO_ID", "PEDIDO_ID") 
  PCTFREE 10 INITRANS 2 MAXTRANS 255 COMPUTE STATISTICS 
  STORAGE(INITIAL 65536 NEXT 1048576 MINEXTENTS 1 MAXEXTENTS 2147483645
  PCTINCREASE 0 FREELISTS 1 FREELIST GROUPS 1
  BUFFER_POOL DEFAULT FLASH_CACHE DEFAULT CELL_FLASH_CACHE DEFAULT)
  TABLESPACE "USERS" ;
--------------------------------------------------------
--  DDL for Index PK_PROMOCION
--------------------------------------------------------

  CREATE UNIQUE INDEX "PK_PROMOCION" ON "PROMOCION" ("PROMOCION_ID") 
  PCTFREE 10 INITRANS 2 MAXTRANS 255 COMPUTE STATISTICS 
  STORAGE(INITIAL 65536 NEXT 1048576 MINEXTENTS 1 MAXEXTENTS 2147483645
  PCTINCREASE 0 FREELISTS 1 FREELIST GROUPS 1
  BUFFER_POOL DEFAULT FLASH_CACHE DEFAULT CELL_FLASH_CACHE DEFAULT)
  TABLESPACE "USERS" ;
--------------------------------------------------------
--  DDL for Index PK_RECARGA
--------------------------------------------------------

  CREATE UNIQUE INDEX "PK_RECARGA" ON "RECARGA" ("RECARGA_ID") 
  PCTFREE 10 INITRANS 2 MAXTRANS 255 COMPUTE STATISTICS 
  STORAGE(INITIAL 65536 NEXT 1048576 MINEXTENTS 1 MAXEXTENTS 2147483645
  PCTINCREASE 0 FREELISTS 1 FREELIST GROUPS 1
  BUFFER_POOL DEFAULT FLASH_CACHE DEFAULT CELL_FLASH_CACHE DEFAULT)
  TABLESPACE "USERS" ;
--------------------------------------------------------
--  DDL for Index PK_TARJETA
--------------------------------------------------------

  CREATE UNIQUE INDEX "PK_TARJETA" ON "TARJETA" ("TARJETA_ID") 
  PCTFREE 10 INITRANS 2 MAXTRANS 255 COMPUTE STATISTICS 
  STORAGE(INITIAL 65536 NEXT 1048576 MINEXTENTS 1 MAXEXTENTS 2147483645
  PCTINCREASE 0 FREELISTS 1 FREELIST GROUPS 1
  BUFFER_POOL DEFAULT FLASH_CACHE DEFAULT CELL_FLASH_CACHE DEFAULT)
  TABLESPACE "USERS" ;
--------------------------------------------------------
--  DDL for Index PK_TICKET
--------------------------------------------------------

  CREATE UNIQUE INDEX "PK_TICKET" ON "TICKET" ("TICKET_ID") 
  PCTFREE 10 INITRANS 2 MAXTRANS 255 COMPUTE STATISTICS 
  STORAGE(INITIAL 65536 NEXT 1048576 MINEXTENTS 1 MAXEXTENTS 2147483645
  PCTINCREASE 0 FREELISTS 1 FREELIST GROUPS 1
  BUFFER_POOL DEFAULT FLASH_CACHE DEFAULT CELL_FLASH_CACHE DEFAULT)
  TABLESPACE "USERS" ;
--------------------------------------------------------
--  DDL for Index PK_VENTA
--------------------------------------------------------

  CREATE UNIQUE INDEX "PK_VENTA" ON "VENTA" ("VENTA_ID") 
  PCTFREE 10 INITRANS 2 MAXTRANS 255 COMPUTE STATISTICS 
  STORAGE(INITIAL 65536 NEXT 1048576 MINEXTENTS 1 MAXEXTENTS 2147483645
  PCTINCREASE 0 FREELISTS 1 FREELIST GROUPS 1
  BUFFER_POOL DEFAULT FLASH_CACHE DEFAULT CELL_FLASH_CACHE DEFAULT)
  TABLESPACE "USERS" ;
--------------------------------------------------------
--  DDL for Index UK_CLIENTE_DNI
--------------------------------------------------------

  CREATE UNIQUE INDEX "UK_CLIENTE_DNI" ON "CLIENTE" ("DNI") 
  PCTFREE 10 INITRANS 2 MAXTRANS 255 COMPUTE STATISTICS 
  STORAGE(INITIAL 65536 NEXT 1048576 MINEXTENTS 1 MAXEXTENTS 2147483645
  PCTINCREASE 0 FREELISTS 1 FREELIST GROUPS 1
  BUFFER_POOL DEFAULT FLASH_CACHE DEFAULT CELL_FLASH_CACHE DEFAULT)
  TABLESPACE "USERS" ;
--------------------------------------------------------
--  Constraints for Table CLIENTE
--------------------------------------------------------

  ALTER TABLE "CLIENTE" MODIFY ("CLIENTE_ID" NOT NULL ENABLE);
  ALTER TABLE "CLIENTE" MODIFY ("NOMBRE" NOT NULL ENABLE);
  ALTER TABLE "CLIENTE" MODIFY ("APELLIDO" NOT NULL ENABLE);
  ALTER TABLE "CLIENTE" MODIFY ("DNI" NOT NULL ENABLE);
  ALTER TABLE "CLIENTE" MODIFY ("TELEFONO" NOT NULL ENABLE);
  ALTER TABLE "CLIENTE" MODIFY ("EDAD" NOT NULL ENABLE);
  ALTER TABLE "CLIENTE" MODIFY ("EMAIL" NOT NULL ENABLE);
  ALTER TABLE "CLIENTE" MODIFY ("DISTRITO" NOT NULL ENABLE);
  ALTER TABLE "CLIENTE" ADD CONSTRAINT "PK_CLIENTE" PRIMARY KEY ("CLIENTE_ID")
  USING INDEX PCTFREE 10 INITRANS 2 MAXTRANS 255 COMPUTE STATISTICS 
  STORAGE(INITIAL 65536 NEXT 1048576 MINEXTENTS 1 MAXEXTENTS 2147483645
  PCTINCREASE 0 FREELISTS 1 FREELIST GROUPS 1
  BUFFER_POOL DEFAULT FLASH_CACHE DEFAULT CELL_FLASH_CACHE DEFAULT)
  TABLESPACE "USERS"  ENABLE;
  ALTER TABLE "CLIENTE" ADD CONSTRAINT "UK_CLIENTE_DNI" UNIQUE ("DNI")
  USING INDEX PCTFREE 10 INITRANS 2 MAXTRANS 255 COMPUTE STATISTICS 
  STORAGE(INITIAL 65536 NEXT 1048576 MINEXTENTS 1 MAXEXTENTS 2147483645
  PCTINCREASE 0 FREELISTS 1 FREELIST GROUPS 1
  BUFFER_POOL DEFAULT FLASH_CACHE DEFAULT CELL_FLASH_CACHE DEFAULT)
  TABLESPACE "USERS"  ENABLE;
  ALTER TABLE "CLIENTE" ADD CONSTRAINT "CK_CLIENTE_ID" CHECK (REGEXP_LIKE(Cliente_ID,'^CL[[:digit:]]{3}$')) ENABLE;
  ALTER TABLE "CLIENTE" ADD CONSTRAINT "CK_CLIENTE_DNI" CHECK (REGEXP_LIKE(DNI,'^[[:digit:]]{8}$')) ENABLE;
  ALTER TABLE "CLIENTE" ADD CONSTRAINT "CK_CLIENTE_TELEFONO" CHECK (REGEXP_LIKE(Telefono,'^9[[:digit:]]{8}$')) ENABLE;
  ALTER TABLE "CLIENTE" ADD CONSTRAINT "CK_CLIENTE_EDAD" CHECK (EDAD BETWEEN 18 and 75) ENABLE;
--------------------------------------------------------
--  Constraints for Table PRODUCTO
--------------------------------------------------------

  ALTER TABLE "PRODUCTO" MODIFY ("PRODUCTO_ID" NOT NULL ENABLE);
  ALTER TABLE "PRODUCTO" MODIFY ("NOMBRE" NOT NULL ENABLE);
  ALTER TABLE "PRODUCTO" MODIFY ("DESCRIPCION" NOT NULL ENABLE);
  ALTER TABLE "PRODUCTO" MODIFY ("CANTIDAD" NOT NULL ENABLE);
  ALTER TABLE "PRODUCTO" MODIFY ("COSTO" NOT NULL ENABLE);
  ALTER TABLE "PRODUCTO" ADD CONSTRAINT "PK_PRODUCTO" PRIMARY KEY ("PRODUCTO_ID")
  USING INDEX PCTFREE 10 INITRANS 2 MAXTRANS 255 COMPUTE STATISTICS 
  STORAGE(INITIAL 65536 NEXT 1048576 MINEXTENTS 1 MAXEXTENTS 2147483645
  PCTINCREASE 0 FREELISTS 1 FREELIST GROUPS 1
  BUFFER_POOL DEFAULT FLASH_CACHE DEFAULT CELL_FLASH_CACHE DEFAULT)
  TABLESPACE "USERS"  ENABLE;
  ALTER TABLE "PRODUCTO" ADD CONSTRAINT "CK_PRODUCTO_ID" CHECK (REGEXP_LIKE(Producto_ID,'^PR[[:digit:]]{3}$')) ENABLE;
  ALTER TABLE "PRODUCTO" ADD CONSTRAINT "CK_PRODUCTO_CANTIDAD" CHECK (Cantidad>=0) ENABLE;
  ALTER TABLE "PRODUCTO" ADD CONSTRAINT "CK_PRODUCTO_COSTO" CHECK (Costo>=0) ENABLE;
--------------------------------------------------------
--  Constraints for Table RECARGA
--------------------------------------------------------

  ALTER TABLE "RECARGA" MODIFY ("RECARGA_ID" NOT NULL ENABLE);
  ALTER TABLE "RECARGA" MODIFY ("TARJETA_ID" NOT NULL ENABLE);
  ALTER TABLE "RECARGA" MODIFY ("MONTO" NOT NULL ENABLE);
  ALTER TABLE "RECARGA" ADD CONSTRAINT "PK_RECARGA" PRIMARY KEY ("RECARGA_ID")
  USING INDEX PCTFREE 10 INITRANS 2 MAXTRANS 255 COMPUTE STATISTICS 
  STORAGE(INITIAL 65536 NEXT 1048576 MINEXTENTS 1 MAXEXTENTS 2147483645
  PCTINCREASE 0 FREELISTS 1 FREELIST GROUPS 1
  BUFFER_POOL DEFAULT FLASH_CACHE DEFAULT CELL_FLASH_CACHE DEFAULT)
  TABLESPACE "USERS"  ENABLE;
  ALTER TABLE "RECARGA" ADD CONSTRAINT "CK_RECARGA_ID" CHECK (REGEXP_LIKE(Recarga_ID,'^RE[[:digit:]]{3}$')) ENABLE;
  ALTER TABLE "RECARGA" ADD CONSTRAINT "CK_RECARGA_MONTO" CHECK (Monto>=0) ENABLE;
--------------------------------------------------------
--  Constraints for Table DETALLE_PROMOCION_PRODUCTO
--------------------------------------------------------

  ALTER TABLE "DETALLE_PROMOCION_PRODUCTO" MODIFY ("PRODUCTO_ID" NOT NULL ENABLE);
  ALTER TABLE "DETALLE_PROMOCION_PRODUCTO" MODIFY ("PROMOCION_ID" NOT NULL ENABLE);
  ALTER TABLE "DETALLE_PROMOCION_PRODUCTO" ADD CONSTRAINT "PK_DETALLE" PRIMARY KEY ("PRODUCTO_ID", "PROMOCION_ID")
  USING INDEX PCTFREE 10 INITRANS 2 MAXTRANS 255 COMPUTE STATISTICS 
  STORAGE(INITIAL 65536 NEXT 1048576 MINEXTENTS 1 MAXEXTENTS 2147483645
  PCTINCREASE 0 FREELISTS 1 FREELIST GROUPS 1
  BUFFER_POOL DEFAULT FLASH_CACHE DEFAULT CELL_FLASH_CACHE DEFAULT)
  TABLESPACE "USERS"  ENABLE;
--------------------------------------------------------
--  Constraints for Table TARJETA
--------------------------------------------------------

  ALTER TABLE "TARJETA" MODIFY ("TARJETA_ID" NOT NULL ENABLE);
  ALTER TABLE "TARJETA" MODIFY ("CLIENTE_ID" NOT NULL ENABLE);
  ALTER TABLE "TARJETA" MODIFY ("FECHAVENCIMIENTO" NOT NULL ENABLE);
  ALTER TABLE "TARJETA" MODIFY ("SALDO" NOT NULL ENABLE);
  ALTER TABLE "TARJETA" ADD CONSTRAINT "PK_TARJETA" PRIMARY KEY ("TARJETA_ID")
  USING INDEX PCTFREE 10 INITRANS 2 MAXTRANS 255 COMPUTE STATISTICS 
  STORAGE(INITIAL 65536 NEXT 1048576 MINEXTENTS 1 MAXEXTENTS 2147483645
  PCTINCREASE 0 FREELISTS 1 FREELIST GROUPS 1
  BUFFER_POOL DEFAULT FLASH_CACHE DEFAULT CELL_FLASH_CACHE DEFAULT)
  TABLESPACE "USERS"  ENABLE;
  ALTER TABLE "TARJETA" ADD CONSTRAINT "CK_TARJETA_ID" CHECK (REGEXP_LIKE(Tarjeta_ID,'^TJ[[:digit:]]{3}$')) ENABLE;
  ALTER TABLE "TARJETA" ADD CONSTRAINT "CK_TARJETA" CHECK (Saldo>=0) ENABLE;
--------------------------------------------------------
--  Constraints for Table COMPROBANTEPAGO
--------------------------------------------------------

  ALTER TABLE "COMPROBANTEPAGO" MODIFY ("COMPROBANTEPAGO_ID" NOT NULL ENABLE);
  ALTER TABLE "COMPROBANTEPAGO" MODIFY ("VENTA_ID" NOT NULL ENABLE);
  ALTER TABLE "COMPROBANTEPAGO" MODIFY ("FECHA" NOT NULL ENABLE);
  ALTER TABLE "COMPROBANTEPAGO" ADD CONSTRAINT "PK_COMPROBANTEPAGO" PRIMARY KEY ("COMPROBANTEPAGO_ID")
  USING INDEX PCTFREE 10 INITRANS 2 MAXTRANS 255 COMPUTE STATISTICS 
  STORAGE(INITIAL 65536 NEXT 1048576 MINEXTENTS 1 MAXEXTENTS 2147483645
  PCTINCREASE 0 FREELISTS 1 FREELIST GROUPS 1
  BUFFER_POOL DEFAULT FLASH_CACHE DEFAULT CELL_FLASH_CACHE DEFAULT)
  TABLESPACE "USERS"  ENABLE;
  ALTER TABLE "COMPROBANTEPAGO" ADD CONSTRAINT "CK_COMPROBANTEPAGO_ID" CHECK (REGEXP_LIKE(ComprobantePago_ID,'^CP[[:digit:]]{3}$')) ENABLE;
--------------------------------------------------------
--  Constraints for Table PEDIDO
--------------------------------------------------------

  ALTER TABLE "PEDIDO" ADD CONSTRAINT "PK_PEDIDO" PRIMARY KEY ("PEDIDO_ID")
  USING INDEX PCTFREE 10 INITRANS 2 MAXTRANS 255 COMPUTE STATISTICS 
  STORAGE(INITIAL 65536 NEXT 1048576 MINEXTENTS 1 MAXEXTENTS 2147483645
  PCTINCREASE 0 FREELISTS 1 FREELIST GROUPS 1
  BUFFER_POOL DEFAULT FLASH_CACHE DEFAULT CELL_FLASH_CACHE DEFAULT)
  TABLESPACE "USERS"  ENABLE;
  ALTER TABLE "PEDIDO" ADD CONSTRAINT "CK_PEDIDO_ID" CHECK (REGEXP_LIKE(Pedido_ID,'^PE[[:digit:]]{3}$')) ENABLE;
--------------------------------------------------------
--  Constraints for Table PROMOCION
--------------------------------------------------------

  ALTER TABLE "PROMOCION" MODIFY ("PROMOCION_ID" NOT NULL ENABLE);
  ALTER TABLE "PROMOCION" MODIFY ("NOMBRE" NOT NULL ENABLE);
  ALTER TABLE "PROMOCION" MODIFY ("DESCRIPCION" NOT NULL ENABLE);
  ALTER TABLE "PROMOCION" MODIFY ("CANTIDAD" NOT NULL ENABLE);
  ALTER TABLE "PROMOCION" ADD CONSTRAINT "PK_PROMOCION" PRIMARY KEY ("PROMOCION_ID")
  USING INDEX PCTFREE 10 INITRANS 2 MAXTRANS 255 COMPUTE STATISTICS 
  STORAGE(INITIAL 65536 NEXT 1048576 MINEXTENTS 1 MAXEXTENTS 2147483645
  PCTINCREASE 0 FREELISTS 1 FREELIST GROUPS 1
  BUFFER_POOL DEFAULT FLASH_CACHE DEFAULT CELL_FLASH_CACHE DEFAULT)
  TABLESPACE "USERS"  ENABLE;
  ALTER TABLE "PROMOCION" ADD CONSTRAINT "CK_PROMOCION_ID" CHECK (REGEXP_LIKE(Promocion_ID,'^PM[[:digit:]]{3}$')) ENABLE;
  ALTER TABLE "PROMOCION" ADD CONSTRAINT "CK_PROMOCION_CANTIDAD" CHECK (Cantidad>=0) ENABLE;
--------------------------------------------------------
--  Constraints for Table TICKET
--------------------------------------------------------

  ALTER TABLE "TICKET" MODIFY ("TICKET_ID" NOT NULL ENABLE);
  ALTER TABLE "TICKET" MODIFY ("RECARGA_ID" NOT NULL ENABLE);
  ALTER TABLE "TICKET" MODIFY ("FECHA" NOT NULL ENABLE);
  ALTER TABLE "TICKET" ADD CONSTRAINT "PK_TICKET" PRIMARY KEY ("TICKET_ID")
  USING INDEX PCTFREE 10 INITRANS 2 MAXTRANS 255 COMPUTE STATISTICS 
  STORAGE(INITIAL 65536 NEXT 1048576 MINEXTENTS 1 MAXEXTENTS 2147483645
  PCTINCREASE 0 FREELISTS 1 FREELIST GROUPS 1
  BUFFER_POOL DEFAULT FLASH_CACHE DEFAULT CELL_FLASH_CACHE DEFAULT)
  TABLESPACE "USERS"  ENABLE;
  ALTER TABLE "TICKET" ADD CONSTRAINT "CK_TICKET_ID" CHECK (REGEXP_LIKE(Ticket_ID,'^TK[[:digit:]]{3}$')) ENABLE;
--------------------------------------------------------
--  Constraints for Table PRODUCTOPEDIDO
--------------------------------------------------------

  ALTER TABLE "PRODUCTOPEDIDO" MODIFY ("PRODUCTO_ID" NOT NULL ENABLE);
  ALTER TABLE "PRODUCTOPEDIDO" MODIFY ("PEDIDO_ID" NOT NULL ENABLE);
  ALTER TABLE "PRODUCTOPEDIDO" ADD CONSTRAINT "PK_PRODUCTOPEDIDO" PRIMARY KEY ("PRODUCTO_ID", "PEDIDO_ID")
  USING INDEX PCTFREE 10 INITRANS 2 MAXTRANS 255 COMPUTE STATISTICS 
  STORAGE(INITIAL 65536 NEXT 1048576 MINEXTENTS 1 MAXEXTENTS 2147483645
  PCTINCREASE 0 FREELISTS 1 FREELIST GROUPS 1
  BUFFER_POOL DEFAULT FLASH_CACHE DEFAULT CELL_FLASH_CACHE DEFAULT)
  TABLESPACE "USERS"  ENABLE;
--------------------------------------------------------
--  Constraints for Table VENTA
--------------------------------------------------------

  ALTER TABLE "VENTA" MODIFY ("VENTA_ID" NOT NULL ENABLE);
  ALTER TABLE "VENTA" MODIFY ("PEDIDO_ID" NOT NULL ENABLE);
  ALTER TABLE "VENTA" MODIFY ("DESCRIPCION" NOT NULL ENABLE);
  ALTER TABLE "VENTA" MODIFY ("MONTO" NOT NULL ENABLE);
  ALTER TABLE "VENTA" MODIFY ("FECHA" NOT NULL ENABLE);
  ALTER TABLE "VENTA" ADD CONSTRAINT "PK_VENTA" PRIMARY KEY ("VENTA_ID")
  USING INDEX PCTFREE 10 INITRANS 2 MAXTRANS 255 COMPUTE STATISTICS 
  STORAGE(INITIAL 65536 NEXT 1048576 MINEXTENTS 1 MAXEXTENTS 2147483645
  PCTINCREASE 0 FREELISTS 1 FREELIST GROUPS 1
  BUFFER_POOL DEFAULT FLASH_CACHE DEFAULT CELL_FLASH_CACHE DEFAULT)
  TABLESPACE "USERS"  ENABLE;
  ALTER TABLE "VENTA" ADD CONSTRAINT "CK_VENTA_ID" CHECK (REGEXP_LIKE(Venta_ID,'^VE[[:digit:]]{3}$')) ENABLE;
  ALTER TABLE "VENTA" ADD CONSTRAINT "CK_VENTA_MONTO" CHECK (Monto>=0) ENABLE;
--------------------------------------------------------
--  Ref Constraints for Table COMPROBANTEPAGO
--------------------------------------------------------

  ALTER TABLE "COMPROBANTEPAGO" ADD CONSTRAINT "FK_COMPROBANTEPAGO_VENTA" FOREIGN KEY ("VENTA_ID")
	  REFERENCES "VENTA" ("VENTA_ID") ON DELETE CASCADE ENABLE;
--------------------------------------------------------
--  Ref Constraints for Table DETALLE_PROMOCION_PRODUCTO
--------------------------------------------------------

  ALTER TABLE "DETALLE_PROMOCION_PRODUCTO" ADD CONSTRAINT "FK_DETALLE_PRODUCTO" FOREIGN KEY ("PRODUCTO_ID")
	  REFERENCES "PRODUCTO" ("PRODUCTO_ID") ENABLE;
  ALTER TABLE "DETALLE_PROMOCION_PRODUCTO" ADD CONSTRAINT "FK_DETALLE_PROMOCION" FOREIGN KEY ("PROMOCION_ID")
	  REFERENCES "PROMOCION" ("PROMOCION_ID") ENABLE;
--------------------------------------------------------
--  Ref Constraints for Table PEDIDO
--------------------------------------------------------

  ALTER TABLE "PEDIDO" ADD CONSTRAINT "FK_PEDIDO_CLIENTE" FOREIGN KEY ("CLIENTE_ID")
	  REFERENCES "CLIENTE" ("CLIENTE_ID") ON DELETE CASCADE ENABLE;
--------------------------------------------------------
--  Ref Constraints for Table PRODUCTOPEDIDO
--------------------------------------------------------

  ALTER TABLE "PRODUCTOPEDIDO" ADD CONSTRAINT "FK_PRODUCTOPEDIDO_PRODUCTO" FOREIGN KEY ("PRODUCTO_ID")
	  REFERENCES "PRODUCTO" ("PRODUCTO_ID") ON DELETE CASCADE ENABLE;
  ALTER TABLE "PRODUCTOPEDIDO" ADD CONSTRAINT "FK_PRODUCTOPEDIDO_PEDIDO" FOREIGN KEY ("PEDIDO_ID")
	  REFERENCES "PEDIDO" ("PEDIDO_ID") ON DELETE CASCADE ENABLE;
--------------------------------------------------------
--  Ref Constraints for Table PROMOCION
--------------------------------------------------------

  ALTER TABLE "PROMOCION" ADD CONSTRAINT "FK_PRODUCTO" FOREIGN KEY ("PRODUCTO_ID")
	  REFERENCES "PRODUCTO" ("PRODUCTO_ID") ENABLE;
--------------------------------------------------------
--  Ref Constraints for Table RECARGA
--------------------------------------------------------

  ALTER TABLE "RECARGA" ADD CONSTRAINT "FK_RECARGA_TARJETA" FOREIGN KEY ("TARJETA_ID")
	  REFERENCES "TARJETA" ("TARJETA_ID") ON DELETE CASCADE ENABLE;
--------------------------------------------------------
--  Ref Constraints for Table TARJETA
--------------------------------------------------------

  ALTER TABLE "TARJETA" ADD CONSTRAINT "FK_TARJETA_CLIENTE" FOREIGN KEY ("CLIENTE_ID")
	  REFERENCES "CLIENTE" ("CLIENTE_ID") ON DELETE CASCADE ENABLE;
--------------------------------------------------------
--  Ref Constraints for Table TICKET
--------------------------------------------------------

  ALTER TABLE "TICKET" ADD CONSTRAINT "FK_TICKET_RECARGA" FOREIGN KEY ("RECARGA_ID")
	  REFERENCES "RECARGA" ("RECARGA_ID") ON DELETE CASCADE ENABLE;
--------------------------------------------------------
--  Ref Constraints for Table VENTA
--------------------------------------------------------

  ALTER TABLE "VENTA" ADD CONSTRAINT "FK_VENTA_PEDIDO" FOREIGN KEY ("PEDIDO_ID")
	  REFERENCES "PEDIDO" ("PEDIDO_ID") ON DELETE CASCADE ENABLE;
*/